<?xml version="1.0" encoding="UTF-8"?>
<!DOCTYPE codetemplates PUBLIC "-//NetBeans//DTD Editor Code Templates settings 1.0//EN" "http://www.netbeans.org/dtds/EditorCodeTemplates-1_0.dtd">
<codetemplates>
    <codetemplate abbreviation="utt" xml:space="preserve">
        <code><![CDATA[/**
 * TODO: Add description here
 *
 */
 #[@test, @expect('${Exception}')]
public function ${testmethod}() {
  ${cursor}
}]]></code>
    </codetemplate>
    <codetemplate abbreviation="fc1" xml:space="preserve">
        <code><![CDATA[/**
 * TODO: Add function description!
 *
 * @param  type name
 * @return type
 * @throws type
 */
public function ${functionname}($$${param}) {
  ${cursor}
}]]></code>
    </codetemplate>
    <codetemplate abbreviation="ut" xml:space="preserve">
        <code><![CDATA[/**
 * TODO: Add description here
 *
 */
 #[@test]
public function ${testmethod}() {
  ${cursor}
}]]></code>
    </codetemplate>
    <codetemplate abbreviation="fc2" xml:space="preserve">
        <code><![CDATA[/**
 * TODO: Add function description!
 *
 * @param  type name1
 * @param  type name2
 * @return type
 * @throws type
 */
public function ${functionname}($$${param1}, $$${param2}) {
  ${cursor}
}]]></code>
    </codetemplate>
    <codetemplate abbreviation="fc" xml:space="preserve">
        <code><![CDATA[/**
 * TODO: Add function description!
 *
 * @return type
 * @throws type
 */
public function ${functionname}() {
  ${cursor}
}]]></code>
    </codetemplate>
    <codetemplate abbreviation="cls" remove="true"/>
    <codetemplate abbreviation="if" remove="true"/>
</codetemplates>
